"চট্টগ্রামে ২৪ ঘণ্টায় আক্রান্ত ১৮৫ জন, একজনের মৃত্যু"
বেগম রোকেয়া পদকপ্রাপ্তিতে প্রতিক্রিয়া
যুবলীগ নেতা মহিউদ্দিন হত্যা মামলায় চার্জ গঠন আজ
শিশুটি এখন নির্বাক বাবা কারাগারে
আ. লীগের মেয়র প্রার্থী বাছাই শুরু কাল কেন্দ্রে যাবে তালিকা
মুজিববর্ষে বঙ্গবন্ধুর ভাস্কর্য ভাঙচুর স্বাধীনতার বিরুদ্ধে বড় আঘাত
মীরসরাইয়ে বাড়ছে উত্তাপ নৌকা পেতে দৌড়ঝাঁপ
শিশুকে বাঁচাতে গিয়ে উল্টে গেল বাস
প্রশিক্ষণে অনুপস্থিত চট্টগ্রামের ৮শ স্বাস্থ্য সহকারীর তালিকা অধিদপ্তরে
হঠাৎ হাটহাজারী মাদ্রাসায় মামুনুল হক
সুবর্ণার ভালো বগিগুলো যুক্ত হচ্ছে বিজয় ও মেঘনায়
চট্টগ্রামে করোনা শনাক্ত ২৭ হাজার ছাড়াল
আ.লীগের টিকেটে নির্বাচন করতে চান তোফাইল
ইএফডিতে ভ্যাট আদায়ে গতি
চট্টগ্রাম রেল স্টেশন তেলবাহী ট্রেনের বগি লাইনচ্যুত
টিএসপি কমপ্লেক্সের গ্যাসে লোকালয়ে বিপর্যয়
মাস্ক না থাকায় ঢুকতে দেয়া হয়নি শহরে
কোভিড পরীক্ষায় বাড়ছে বিদেশগামীদের ভোগান্তি
"প্রতিবাদ করায় বিচারকের ওপর হামলা, আটক ২"
গ্যাসের ২ লাখ প্রিপেইড মিটার প্রকল্পে আগ্রহ এডিবির
এবার মুক্তিযুদ্ধের বিজয় মেলা সংক্ষিপ্ত পরিসরে
"উল্টো পথে মোটরসাইকেল, আবার হামলাও"
জাতির জনকের জীবন ও সংগ্রাম নিয়ে ‘বঙ্গবন্ধু গ্যালারি’
"চট্টগ্রামে ২৪ ঘণ্টায় আক্রান্ত ১৮৫ জন, একজনের মৃত্যু"
বেগম রোকেয়া নারী শিক্ষাকে গতিশীলতার পথে এনেছেন
বিশ্ব মানবাধিকার দিবস আজ
৪৩তম বিসিএসের আবেদন পেছানোর দাবি জানাবে চবি
অংকুর সোসাইটি বালিকা উচ্চ বিদ্যালয়ের নতুন কার্যালয় উদ্বোধন
মাস্ক না থাকায় ঢুকতে দেয়া হয়নি শহরে
কোভিড পরীক্ষায় বাড়ছে বিদেশগামীদের ভোগান্তি
"প্রতিবাদ করায় বিচারকের ওপর হামলা, আটক ২"
মাঝিরঘাট থেকে জব্দ তিন টন চোরাই পেঁয়াজ নিলামে বিক্রি
চেরাগি মোড়ের ভাসমান দোকান সরানো হল
"নিখোঁজের ৪৮ দিন পর নৌবাহিনী স্কুলছাত্রী ঢাকায় উদ্ধার, অভিযুক্ত গ্রেপ্তার"
সেই সার্ভেয়রকে রংপুরে বদলি
পানির কল এলাকায় ভবনে আগুন
মাছের আঁশে সম্ভাবনা শত কোটি টাকার
অবৈধ স্থাপনা উচ্ছেদে সময় দুই মাস
নাজিরহাট হানাদারমুক্ত দিবস আজ
তিন মাস পরের বৈঠক বসছে এক বছর পর
নতুন ৩০ দালালের দৌড়ঝাঁপ
সুদীপ বসাকের দুর্নীতি তদন্তে চসিকে দুদক
মহানগর বিএনপির সম্ভাব্য আহ্বায়ক কমিটি থেকে বাদ পড়ার খবর
অলির বই বাজেয়াপ্ত ও কনকের ভিডিও কনটেন্ট বন্ধের নির্দেশ
ঐতিহ্যের ইঞ্জিনে বিজয়ের রং
খালি কন্টেনার রিম্যুভাল অপারেশন কাজ পাচ্ছে সাইফ পাওয়ারটেক
"নগরীতে কিশোরকে গলা কেটে হত্যার চেষ্টা, যুবক গ্রেপ্তার"
প্রার্থী বাছাইয়ে তৃণমূল নেতাকর্মীদের সাথে বসছে দক্ষিণ জেলা আ. লীগ
"পুকুরে ইট বাঁধা নারী, ঝোপে পুরুষ"
নামে আংশিক মিল কারাগারে নিরীহ ব্যক্তি
